,snippet,job_id,Url
0,"Network engineers enable data to pass between computers in a network to aid 
communication between users ... You could work with a variety of network types, 
such as: ... data centres; liaise with project management teams, third-line 
engineers and ... Employers will usually expect you to do further study to get 
professional ...",0,https://www.prospects.ac.uk/job-profiles/network-engineer
1,"If you're interested in marketing communications and like to keep abreast of new 
trends and developments, you could make a great digital marketer. Digital ...",1,https://www.prospects.ac.uk/job-profiles/digital-marketer
2,"Software engineering is a branch of computer science which includes the 
development and building of computer systems software and applications 
software.",2,https://www.careerexplorer.com/careers/software-engineer/
3,"Nevertheless, as software engineers often manage the support systems required 
to effectively run an organisation, the role can also require you to communicate ...",3,https://www.prospects.ac.uk/job-profiles/software-engineer
4,"You will need a thorough understanding of the operational processes of an ... for 
graduates entering control and instrumentation engineering range from £20,000 
... the imbalance by promoting women in science, technology and engineering.",4,https://www.prospects.ac.uk/job.../control-and-instrumentation-engineer
5,"You can work in house, typically in the marketing department of an ... of digital 
marketing services, including PPC services, SEO, content marketing and digital 
PR. ... As you develop in your role, you'll take the lead in managing relationships
 ...",5,https://www.prospects.ac.uk/job-profiles/ppc-specialist
6,"A security software developer is someone who develops security software as well 
as integrates security into software during the course of design and development
 ...",6,https://www.careerexplorer.com/careers/security-software-developer/
7,"Your primary task as a web developer will be to create reliable and ... Salaries for 
junior or entry-level web developers can range from £19,000 to £25,000. Mid-
level and senior web developers usually earn between £25,000 and £35,000.",7,https://www.prospects.ac.uk/job-profiles/web-developer
8,"Technical support specialists are able to deal with most customer issues over the 
telephone or through email, however some issues need to be dealt with on site, ...",8,https://www.careerexplorer.com/careers/technical-support-specialist/
9,"A technical artist works closely with the lead artist and the creative director, as 
well as the lead programmers. Their responsibilities include setting up and ...",9,https://www.careerexplorer.com/careers/technical-artist/
10,"Most designers will spend at least some of their time as testers, where they can 
experiment with coding and watch others' mistakes firsthand. Lead designers are
 ...",10,https://www.careerexplorer.com/careers/video-game-designer/
11,"business intelligence; data assurance; data quality; finance; higher education; 
marketing; sales. Responsibilities. As a data analyst, you'll need ...",11,https://www.prospects.ac.uk/job-profiles/data-analyst
12,"technician. You can also work within first or second-line support. The work is as 
much about understanding how information systems are used as applying ...",12,https://www.prospects.ac.uk/job-profiles/it-technical-support-officer
13,"The web would be a dust bowl of HTML and ""Under Construction"" GIFs without 
front-end developers taking the backend data and creating a user-facing ...",13,https://www.careerexplorer.com/careers/front-end-developer/
14,"A business analyst is someone who analyzes information and investigates the 
goals and issues of a company. They advise organizations on how to improve 
their ...",14,https://www.careerexplorer.com/careers/business-analyst/
15,"If you're interested in marketing communications and like to keep abreast of new 
trends and developments, you could make a great digital marketer. Digital ...",15,https://www.prospects.ac.uk/job-profiles/digital-marketer
16,"He or she must have a balanced mix of technical and business skills, and will 
often work with an enterprise architect for strategic direction. The main focus is on
 ...",16,https://www.careerexplorer.com/careers/solution-architect/
17,"Discover what it takes to be a Control and instrumentation engineer. ... 
collaboratively with design engineers, operation engineers, purchasers and other 
internal ... If your undergraduate degree did not include control engineering 
content, some ... Professional bodies also support continuing professional 
development (CPD), ...",17,https://www.prospects.ac.uk/job.../control-and-instrumentation-engineer
18,"Discover what it takes to be a Marketing executive. ... marketing campaigns, 
advertising and SEO to make sure the correct mediums are being used and ... For 
example, salaries are often higher for digital marketing. ... Other opportunities 
include setting up as a freelance marketing consultant or moving into a related 
role, ...",18,https://www.prospects.ac.uk/job-profiles/marketing-executive
19,"PPC specialists are usually office based but will often spend time meeting clients 
and stakeholders and attending events. You'll be expected to network and ...",19,https://www.prospects.ac.uk/job-profiles/ppc-specialist
20,"They can work with databases, PHP, HTML, CSS, JavaScript and everything in 
between. In this article: What is a Full Stack Developer? What does a Full Stack ...",20,https://www.careerexplorer.com/careers/full-stack-developer/
21,"After completing an apprenticeship program, they are considered journey 
workers who do tasks with less guidance. Up Next. Ironworker Thumbnail. 
Ironworker.",21,https://www.careerexplorer.com/careers/ironworker/how-to-become/
22,"What is the difference between a civil engineer and an architect? ... Civil 
engineers do a lot more than design buildings and bridges. ... These engineers 
are typically employed or contracted by construction and development 
companies.",22,https://www.careerexplorer.com/careers/civil-engineer/
23,"Whether you're in an agency or working as a freelancer, your job will be to create 
... Salaries for junior or entry-level web developers can range from £19,000 to ...",23,https://www.prospects.ac.uk/job-profiles/web-developer
24,"Much of a software engineer's career path will involve spending several years as 
a senior web developer. People who don't like the idea of management and ...",24,https://www.careerexplorer.com/careers/software-engineer/
25,"maintenance engineer; technician. You can also work within first or second-line 
support. The work is as much about understanding how information systems are
 ...",25,https://www.prospects.ac.uk/job-profiles/it-technical-support-officer
26,"In order to make the server, application, and database communicate with each 
other, back-end developers use languages like PHP, Ruby, Python, Java, and .
Net ...",26,https://www.careerexplorer.com/careers/back-end-developer/
27,"In order to make the server, application, and database communicate with each 
other, back-end developers use languages like PHP, Ruby, Python, Java, and .
Net ...",27,https://www.careerexplorer.com/careers/back-end-developer/
28,"Undertaking a sandwich placement as part of your degree could be a good way 
to get industry experience and to build contacts in the field. Internships do come ...",28,https://www.prospects.ac.uk/job-profiles/game-artist
29,"assistant project manager; business change manager; junior/senior project ... 
Freelance project managers will negotiate a daily rate for the duration of their ... 
PRINCE2 - is the commonly used accredited approach for end-to-end project ...",29,https://www.prospects.ac.uk/job-profiles/project-manager
30,"Create secure software tools and systems with a team of developers; Provide 
engineering designs for new software solutions; Take a lead in software design, ...",30,https://www.careerexplorer.com/careers/security-software-developer/
31,"Database administrators use specialist software to organise and maintain a ... a 
database administrator (DBA) will be the performance, integrity and security ... 
For information and jobs for women who want to work in technology take a ... 
Most positions require knowledge of structured query language (SQL), Unix and 
DBMS.",31,https://www.prospects.ac.uk/job-profiles/database-administrator
32,"An app developer is a computer software engineer whose primary 
responsibilities include creating, testing and programming apps for computers, 
mobile phones ...",32,https://www.careerexplorer.com/careers/app-developer/
33,"network architect/computer network architect; network/helpdesk support ... IT/
systems support engineer; network administrator; first/second-line support; VoIP/
Cisco ... Employers will usually expect you to do further study to get professional
 ...",33,https://www.prospects.ac.uk/job-profiles/network-engineer
34,"An app developer is a computer software engineer whose primary 
responsibilities include creating, testing and programming apps for computers, 
mobile phones, ...",34,https://www.careerexplorer.com/careers/app-developer/
35,"Non-destructive testing specialists are professionals that use their wide range of 
... and can detect imperfections on large structures such as trains, airplanes, ... 
must give their expert opinions on how to improve materials to meet regulations.",35,https://www.careerexplorer.com/careers/non-destructive-testing-specialist/
36,"Graduates entering tech support roles often develop their careers by broadening 
their skills within a specific industry or ... Technical support managers can earn 
over £40,000. ... A postgraduate qualification is not necessary for entry. ... 
Network engineer · Penetration tester · Application analyst · Technical sales 
engineer ...",36,https://www.prospects.ac.uk/job-profiles/it-technical-support-officer
37,"A database administrator is someone who uses software to store and organize 
data, such as financial information and customer shipping records. They make ...",37,https://www.careerexplorer.com/careers/database-administrator/
38,"The key difference is the secrecy of the work. You will not be able to talk ... UK 
police services individually recruit criminal intelligence analysts. They analyse ...",38,https://www.prospects.ac.uk/job-profiles/intelligence-analyst
39,"You'll conduct automated and manual tests to ensure the software created by ... 
This would be most likely to occur during periods of software deployment or if a ...",39,https://www.prospects.ac.uk/job-profiles/software-tester
40,"You'll conduct automated and manual tests to ensure the software created by ... 
This would be most likely to occur during periods of software deployment or if a ...",40,https://www.prospects.ac.uk/job-profiles/software-tester
41,"You can do this by reading SEO and internet marketing blogs and keeping ... 
However, you could equally move from SEO executive to a copywriter role and ...",41,https://www.prospects.ac.uk/job-profiles/seo-specialist
42,"Discover what it takes to be a Public relations officer. Find out expected salary, ... 
Average starting salaries for PR officers can range from £22,000 to £28,000. With 
a few years' experience, ... Tara Carey. Senior content and media manager ...",42,https://www.prospects.ac.uk/job-profiles/public-relations-officer
43,"What is the difference between a software engineer and a software developer? ... 
They can, in time, qualify for a variety of roles, including Senior Engineer, ...",43,https://www.careerexplorer.com/careers/software-engineer/
44,"Senior DevOps Engineer. Advanced Software ... Senior Software Engineer (
Machine Learning Focus). Splunk. San Jose, CA, USA · Lead DevOps Engineer.",44,https://www.careerexplorer.com/careers/research-chef/jobs/.../stockton/
45,"In order to make the server, application, and database communicate with each 
other, back-end developers use languages like PHP, Ruby, Python, Java, and .",45,https://www.careerexplorer.com/careers/back-end-developer/
46,"Software quality assurance engineers make sure that new products work ... 
program testing, integration of software, and release management process. He or 
she will typically break up the entire process into goals such as ... computer 
typing or looking at programming code, which can lead to eye strain and back 
discomfort.",46,https://www.careerexplorer.com/careers/software-quality-assurance-engineer/
47,"An engineer uses science, technology and math to solve problems. We can see 
engineering everywhere in the world around us, improving the ways we work, ...",47,https://www.careerexplorer.com/careers/engineer/
48,"A solution architect is responsible for the design of one or more applications or 
services within an organization, and is typically part of a solution development 
team ...",48,https://www.careerexplorer.com/careers/solution-architect/
49,"A career as a data analyst will suit you if you're highly analytical, have strong ... 
Professional development is offered by The Operational Research Society.",49,https://www.prospects.ac.uk/job-profiles/data-analyst
50,"Many employers will also look for evidence of continuing professional 
development (CPD) outside of the classroom. Project programming experience 
can be used ...",50,https://www.prospects.ac.uk/job-profiles/software-engineer
51,"A front-end developer is a web developer that codes the front end of a website. 
While web design is the way a website looks, front end development is how that ...",51,https://www.careerexplorer.com/careers/front-end-developer/
52,"social media marketing - developing a distinct online presence by attracting high 
... search engine optimisation (SEO) - developing strategies to increase the 
number of ... assist with paid media, including liaising with digital advertising 
agencies ... As a more experienced digital officer, or digital coordinator, you can 
expect to ...",52,https://www.prospects.ac.uk/job-profiles/digital-marketer
53,"A project manager is a motivated and effective leader who is accountable for the 
success or failure of a project. Project managers are multitaskers, have great time
 ...",53,https://www.careerexplorer.com/careers/project-manager/
54,"Browse available jobs for architects. ... Solutions Architect, Senior DevOps 
Software (Experienced). Sandia National ... Senior Program Manager. BMA. Fort 
Bliss ...",54,https://www.careerexplorer.com/careers/architect/jobs/texas/el-paso/
55,"The technical artist is a new concept and role in the game industry, and acts as a 
link between the artists and the programmers working on a game. They are ...",55,https://www.careerexplorer.com/careers/technical-artist/
56,"As a senior game designer you could earn up to £65,000. Benefits ... However, 
the majority of game designers do have a degree and useful subjects include:.",56,https://www.prospects.ac.uk/job-profiles/game-designer
57,"A web developer is responsible for programming the code that “tells” a ... such as 
hypertext markup language (HTML), JavaScript (JS), Ruby on Rails, and C++.",57,https://www.careerexplorer.com/careers/web-developer/
58,"While web design is the way a website looks, front end development is how that 
... (JS) and/or CSS code - the core elements of front-end development. ... like 
AngularJS and React that are intended to ease web application development.",58,https://www.careerexplorer.com/careers/front-end-developer/
59,"Experienced construction managers can earn between £33,000 and £50,000. ... 
you'll also need to hold a Construction Skills Certification Scheme (CSCS) card.",59,https://www.prospects.ac.uk/job-profiles/construction-manager
60,"A full stack developer is someone who is familiar and comfortable with all layers 
in computer software development. These developers have the functional ...",60,https://www.careerexplorer.com/careers/full-stack-developer/
61,"A project manager is a motivated and effective leader who is accountable for the 
success or failure of a project. Project managers are multitaskers, have great time
 ...",61,https://www.careerexplorer.com/careers/project-manager/
62,"The back end is the combination of a database and software written in a ... 
communicate with each other, back-end developers use languages like PHP, 
Ruby, ...",62,https://www.careerexplorer.com/careers/back-end-developer/
63,"You'll offer support to users, who can be staff, clients, customers and suppliers, 
and ... network architect/computer network architect; network/helpdesk support ...",63,https://www.prospects.ac.uk/job-profiles/network-engineer
64,"An app developer is a computer software engineer whose primary 
responsibilities include creating, testing and programming apps for computers, 
mobile phones ...",64,https://www.careerexplorer.com/careers/app-developer/
65,"A web developer builds and maintains websites with the client and consumer in 
mind. That is, the end design must include products and services offered and 
show ...",65,https://www.careerexplorer.com/careers/web-developer/
66,"What can I do with my degree? ... IT consultants are great communicators and 
have excellent organisational skills as well as a sound knowledge and 
understanding of IT systems ... prepare documentation and present progress 
reports to customers; organise training for users and other consultants; be 
involved in sales and ...",66,https://www.prospects.ac.uk/job-profiles/it-consultant
67,"If you're interested in marketing communications and like to keep abreast of new 
trends and developments, you could make a great digital marketer. Digital ...",67,https://www.prospects.ac.uk/job-profiles/digital-marketer
68,"You can also work within first or second-line support. The work is as much about 
understanding how information systems are used as applying technical ...",68,https://www.prospects.ac.uk/job-profiles/it-technical-support-officer
69,"A web developer is responsible for programming the code that “tells” a website 
how to function. A developer builds a website from the bottom up, which means ...",69,https://www.careerexplorer.com/careers/web-developer/
70,"These specialists understand how to write specific SEO copy and have in-depth 
knowledge when it comes to keyword search. If a company (big or small) relies 
on ...",70,https://www.careerexplorer.com/.../search-engine-optimization-specialist/
71,"Discover what it takes to be a Project manager. ... PRINCE2 - is the commonly 
used accredited approach for end-to-end project management, and is available 
at ...",71,https://www.prospects.ac.uk/job-profiles/project-manager
72,"account executive; business developer; commercial insurance manager; 
customer service director; relationship manager; senior account handler. Types 
of ...",72,https://www.prospects.ac.uk/job-profiles/insurance-account-manager
73,"In order to make the server, application, and database communicate with each 
other, back-end developers use languages like PHP, Ruby, Python, Java, and .",73,https://www.careerexplorer.com/careers/back-end-developer/
74,"The job entails being a liaison between a company and its customers. Account 
managers are the face of the company whose primary job is to acquire new ...",74,https://www.careerexplorer.com/careers/account-manager/
75,"Discover what it takes to be a Software tester. ... Starting salaries for graduate-
level software testing positions are in the region of £18,000 to £24,000 (
depending on location ... With three to five years' experience, salaries can rise 
considerably.",75,https://www.prospects.ac.uk/job-profiles/software-tester
76,"Business Intelligence Analyst/Developer. Calance US. Reno, NV ... Senior 
Business Systems Analyst (Business Intelligence / Data Analyst). Cameron Craig
 ...",76,https://www.careerexplorer.com/careers/intelligence-analyst/jobs/.../reno/?...
77,"It brings together traditional human–computer interaction design, and looks at 
improving all areas of user experience with a product or service. UX designers ...",77,https://www.careerexplorer.com/careers/ux-designer/
78,"Your role as a UX researcher will be to deliver the best possible experience for ... 
UX researcher roles cross over with that of UX analyst, UX designer and UX ...",78,https://www.prospects.ac.uk/job-profiles/ux-researcher
79,"Starting salaries for junior graphic designers are in the region of £15,000 to ... If 
you're a freelancer you could share offices, rent studio space or work from home. 
... to talk confidently about your work, which you'll need to do at job interviews.",79,https://www.prospects.ac.uk/job-profiles/graphic-designer
80,"Having excellent interpersonal skills and commercial awareness can go a long 
way in the competitive world of advertising, where you'll manage and ...",80,https://www.prospects.ac.uk/job-profiles/advertising-account-executive
81,"Your aim will be to influence public opinion or behaviour, or promote the profile 
and ... magazines, journals, broadcasts, newswires, social media sites and blogs, 
... Starting salaries for PR account executives are around £18,000 to £24,000.",81,https://www.prospects.ac.uk/job-profiles/public-relations-account-executive
82,"Your starting salary as a graduate business development manager will be in the 
region ... Salaries are affected by regional variances, and pay is generally higher 
in London and the South East. ... A full driving license is a requirement for many 
roles. ... Doing some part-time or vacation work in a business that has a focus on
 ...",82,https://www.prospects.ac.uk/job-profiles/business-development-manager
83,"In order to make the server, application, and database communicate with each 
other, back-end developers use languages like PHP, Ruby, Python, Java, and .
Net ...",83,https://www.careerexplorer.com/careers/back-end-developer/
84,"Starting salaries for junior graphic designers are in the region of £15,000 to £
19,000. Once you've gained some experience, salaries can rise to £27,000.",84,https://www.prospects.ac.uk/job-profiles/graphic-designer
85,"In order to make the server, application, and database communicate with each 
other, back-end developers use languages like PHP, Ruby, Python, Java, and .",85,https://www.careerexplorer.com/careers/back-end-developer/
86,"Graphic design is also known as communication design. Graphic designers are 
visual communicators, who create visual concepts by hand or by using computer
 ...",86,https://www.careerexplorer.com/careers/graphic-designer/
87,"Back-end developers play a critical role in web development teams, and make 
sure that data or services requested by the front end system or software are ...",87,https://www.careerexplorer.com/careers/back-end-developer/
88,"Automation Engineer Computer Architect Computer Engineer Computer 
Hardware Designer Computer Hardware Developer Computer Installation 
Engineer",88,https://www.careerexplorer.com/careers/computer-programmer/
89,"A front-end developer is a web developer that codes the front end of a website. 
While web design is the way a website looks, front end development is how that ...",89,https://www.careerexplorer.com/careers/front-end-developer/
90,"If you're interested in marketing communications and like to keep abreast of new 
trends and developments, you could make a great digital marketer. Digital ...",90,https://www.prospects.ac.uk/job-profiles/digital-marketer
91,"Software testers are involved in the quality assurance stage of software 
development ... carry out stress testing, performance testing, functional testing 
and scalability testing ... With three to five years' experience, salaries can rise 
considerably. ... However, working as a contractor may not provide the same 
benefits and job ...",91,https://www.prospects.ac.uk/job-profiles/software-tester
92,"What does an App Developer do? Applications software can be written for a 
particular operating system (OS), such as Android, iOS or Windows. App 
developers ...",92,https://www.careerexplorer.com/careers/app-developer/
93,"A front-end developer is a web developer that codes the front end of a website. 
While web design is the way a website looks, front end development is how that ...",93,https://www.careerexplorer.com/careers/front-end-developer/
94,"How much does a web developer make in Puerto Rico? Web Developer salary 
description; How do web developer salaries compare to similar careers. Web ...",94,https://www.careerexplorer.com/careers/web-developer/salary/puerto-rico/
95,"In order to make the server, application, and database communicate with each 
other, back-end developers use languages like PHP, Ruby, Python, Java, and .",95,https://www.careerexplorer.com/careers/back-end-developer/
96,"A software quality assurance engineer is someone who monitors every phase of 
the software development process so as to ensure design quality, making sure ...",96,https://www.careerexplorer.com/careers/software-quality-assurance-engineer/
97,"A business analyst is someone who analyzes information and investigates the 
goals and issues of a company. They advise organizations on how to improve 
their ...",97,https://www.careerexplorer.com/careers/business-analyst/
98,"Technical support specialists are knowledgeable about computer systems, 
electronic systems, and software applications. They can educate people, answer
 ...",98,https://www.careerexplorer.com/careers/technical-support-specialist/
99,"Discover what it takes to be a Project manager. ... PRINCE2 - is the commonly 
used accredited approach for end-to-end project management, and is available 
at ...",99,https://www.prospects.ac.uk/job-profiles/project-manager
100,"You will be installing and configuring computer systems, diagnosing hardware ... 
Large companies with an extensive technical infrastructure may have separate ...",100,https://www.prospects.ac.uk/job-profiles/it-technical-support-officer
101,"Graphic design is also known as communication design. Graphic designers are 
visual communicators, who create visual concepts by hand or by using computer
 ...",101,https://www.careerexplorer.com/careers/graphic-designer/
102,"Back-end developers play a critical role in web development teams, and make 
sure that data or services requested by the front end system or software are ...",102,https://www.careerexplorer.com/careers/back-end-developer/
103,"The web would be a dust bowl of HTML and ""Under Construction"" GIFs without 
front-end developers taking the backend data and creating a user-facing ...",103,https://www.careerexplorer.com/careers/front-end-developer/
104,"In order to make the server, application, and database communicate with each 
other, back-end developers use languages like PHP, Ruby, Python, Java, and .",104,https://www.careerexplorer.com/careers/back-end-developer/
105,"Browse available jobs for app developers. ... React Native Developer. MatchPoint 
... Mobile Application Developer (iOS / Android) - Bentonville, Arkansas.",105,https://www.careerexplorer.com/careers/app-developer/jobs/.../little-rock/?...
106,"While each ""end"" (front end and back end) involves learning a significant amount 
of information, a full stack developer can comfortably speak both database and ...",106,https://www.careerexplorer.com/careers/full-stack-developer/
107,"Technical work placements will develop your sector knowledge and skills, 
increasing your credibility as a project manager. You can join a professional 
body, ...",107,https://www.prospects.ac.uk/job-profiles/project-manager
108,"If you're interested in marketing communications and like to keep abreast of new 
trends and developments, you could make a great digital marketer. Digital ...",108,https://www.prospects.ac.uk/job-profiles/digital-marketer
109,"Average starting salaries for PR officers can range from £22,000 to £28,000. ... 
Social and working life may become slightly intertwined. ... account executive for 
one or two years before gaining promotion to PR officer or account executive.",109,https://www.prospects.ac.uk/job-profiles/public-relations-officer
110,"Work with project management software; Work within a software development 
methodology like AGILE; Coordinate product releases with marketing, sales, and
 ...",110,https://www.careerexplorer.com/careers/technical-product-manager/
111,"Discover what it takes to be a Sales promotion account executive. ... Account 
executive is the typical entry level position for recent graduates. ... well under 
pressure; administrative skills; an open mind and a can-do attitude; general 
business sense. ... services, especially sales promotion, direct marketing and 
digital media.",111,https://www.prospects.ac.uk/job-profiles/sales-promotion-account-executive
112,"In order to make the server, application, and database communicate with each 
other, back-end developers use languages like PHP, Ruby, Python, Java, and .",112,https://www.careerexplorer.com/careers/back-end-developer/
113,"The term computer programmer can refer to a specialist in one area of computer 
... These types of computer programmers will analyze the data needs of a ...",113,https://www.careerexplorer.com/careers/computer-programmer/
114,"Pay-per-click (PPC) is the term used to refer to paid advertising on the ... PPC 
account executive; PPC account manager; PPC analyst; PPC executive; PPC ... 
to work in a broader role where PPC forms part of what you do but not all of it.",114,https://www.prospects.ac.uk/job-profiles/ppc-specialist
115,"You could work in any organisation in the industry and service sector and will be 
in ... You may also be known as a functional manager, service delivery manager 
or ... Since this is a management job requiring up-to-date technical skills in a ...",115,https://www.prospects.ac.uk/job-profiles/information-systems-manager
116,"A business analyst is someone who analyzes information and investigates the 
goals and issues of a company. They advise organizations on how to improve 
their ...",116,https://www.careerexplorer.com/careers/business-analyst/
117,"A security software developer is someone who develops security software as well 
as integrates security into software during the course of design and development
 ...",117,https://www.careerexplorer.com/careers/security-software-developer/
118,"What does an App Developer do? Applications software can be written for a 
particular operating system (OS), such as Android, iOS or Windows. App 
developers ...",118,https://www.careerexplorer.com/careers/app-developer/
119,"Senior marketing executives (with around five years' experience) can earn 
between £30,000 and ... For example, salaries are often higher for digital 
marketing.",119,https://www.prospects.ac.uk/job-profiles/marketing-executive
120,"They can, in time, qualify for a variety of roles, including Senior Engineer, Team ... 
The computer programmers along with the software developers will test and fix ...",120,https://www.careerexplorer.com/careers/software-engineer/
121,"What does a software quality assurance engineer do? Would you make a good 
software quality assurance engineer? Take our career test and find your top ...",121,https://www.careerexplorer.com/careers/software-quality-assurance-engineer/
122,"A front-end developer is a web developer that codes the front end of a website. 
While web design is the way a website looks, front end development is how that ...",122,https://www.careerexplorer.com/careers/front-end-developer/
123,"A search engine optimisation specialist (SEO) uses digital analytics and 
marketing ... You can do this by reading SEO and internet marketing blogs and 
keeping ... an SEO manager or account manager, then head of SEO to head of 
digital.",123,https://www.prospects.ac.uk/job-profiles/seo-specialist
124,Software engineering is a branch of computer science which ...,124,https://www.careerexplorer.com/careers/software-engineer/
125,"As a customer service manager, you can manage teams and deliver ... statistics 
or other data to determine the level of customer service your organisation is 
providing ... Some organisations have relocated their call-centre provision 
overseas.",125,https://www.prospects.ac.uk/job-profiles/customer-service-manager
126,"The back end is the combination of a database and software written in a ... each 
other, back-end developers use languages like PHP, Ruby, Python, Java, and .",126,https://www.careerexplorer.com/careers/back-end-developer/
127,"Your role as a UX researcher will be to deliver the best possible experience for 
the users of ... UX researcher roles cross over with that of UX analyst, UX 
designer and UX ... Depending on your level of experience, you could expect to 
earn between £250 ... There are a variety of entry routes into a career as a UX 
researcher.",127,https://www.prospects.ac.uk/job-profiles/ux-researcher
128,"Your role is integral to the creation of software systems and technical products ... 
You can enter the software testing profession with an HND or foundation degree. 
... you join and can vary from structured training and development programmes ...",128,https://www.prospects.ac.uk/job-profiles/software-tester
129,"Starting salaries for junior graphic designers are in the region of £15,000 to ... If 
you're a freelancer you could share offices, rent studio space or work from home. 
... to talk confidently about your work, which you'll need to do at job interviews.",129,https://www.prospects.ac.uk/job-profiles/graphic-designer
130,"You can do this by reading SEO and internet marketing blogs and keeping ... 
Progression to more experienced roles such as SEO manager could happen ... 
increasing requirement to gain further qualifications to enter senior marketing 
roles.",130,https://www.prospects.ac.uk/job-profiles/seo-specialist
131,"Discover what it takes to be a Product designer. Find out ... Progression to the 
role of senior designer is the usual next step, although opportunities in smaller ...",131,https://www.prospects.ac.uk/job-profiles/product-designer
132,"A career as a data analyst will suit you if you're highly analytical, have strong ... 
They not only need to understand the data, but be able to provide insight and 
analysis ... Graduate schemes in data analysis and business intelligence at 
larger ...",132,https://www.prospects.ac.uk/job-profiles/data-analyst
133,"A front-end developer is a web developer that codes the front end of a website. 
While web design is the way a website looks, front end development is how that ...",133,https://www.careerexplorer.com/careers/front-end-developer/
134,"Analytical, solution-focused types, who are great communicators and team 
players, could enjoy working as a systems analyst. As a systems analyst, you'll 
use ...",134,https://www.prospects.ac.uk/job-profiles/systems-analyst
135,"In order to make the server, application, and database communicate with each 
other, back-end developers use languages like PHP, Ruby, Python, Java, and .
Net ...",135,https://www.careerexplorer.com/careers/back-end-developer/
136,"These specialists understand how to write specific SEO copy and have in-depth 
knowledge when it comes to keyword search. If a company (big or small) relies 
on ...",136,https://www.careerexplorer.com/.../search-engine-optimization-specialist/
137,"When it comes to technology, there are plenty of career paths one can take. ... An 
app developer is a computer software engineer whose primary ... They are 
experienced in multi-media applications and multiple mobile computer ... On 
Android, a custom Java-like language is used, although as with iOS (and even 
desktop ...",137,https://www.careerexplorer.com/careers/app-developer/
138,"A search engine optimisation specialist (SEO) uses digital analytics and 
marketing ... You can do this by reading SEO and internet marketing blogs and 
keeping ... an SEO manager or account manager, then head of SEO to head of 
digital.",138,https://www.prospects.ac.uk/job-profiles/seo-specialist
139,"The job entails being a liaison between a company and its customers. Account 
managers are the face of the company whose primary job is to acquire new ...",139,https://www.careerexplorer.com/careers/account-manager/
140,"A web developer builds and maintains websites with the client and consumer in 
mind. That is, the end design must include products and services offered and ...",140,https://www.careerexplorer.com/careers/web-developer/
141,"These specialists understand how to write specific SEO copy and have in-depth 
knowledge when it comes to keyword search. If a company (big or small) relies 
on ...",141,https://www.careerexplorer.com/.../search-engine-optimization-specialist/
142,"A business analyst is someone who analyzes information and investigates the 
goals and issues of a company. They advise organizations on how to improve 
their ...",142,https://www.careerexplorer.com/careers/business-analyst/
143,Software engineers take part ... developers will test and fix ...,143,https://www.careerexplorer.com/careers/software-engineer/
144,"Freelance project managers will negotiate a daily rate for the duration of their 
contract, with average rates between £300 and £500 a day. Income figures are ...",144,https://www.prospects.ac.uk/job-profiles/project-manager
145,"The gaming industry is at full swing; video games are enjoyed by people of all 
ages, allowing players to step into an alternate world and become superhuman ...",145,https://www.careerexplorer.com/careers/video-game-designer/
146,"Browse available jobs for javascript developers. ... Senior .NET Developer - C#, 
ASP.NET MVC, SQL, APIs. Jobot. Cincinnati, United States ...",146,https://www.careerexplorer.com/careers/javascript-developer/jobs/ohio/3/
147,"What is the difference between a software engineer and a software developer? ... 
for designing complex systems that other web developers will implement.",147,https://www.careerexplorer.com/careers/software-engineer/
148,"Although you can become a games developer with any degree subject, ... have 
relevant experience, although most people who work in games are graduates.",148,https://www.prospects.ac.uk/job-profiles/game-developer
149,"Starting salaries for graduate-level software testing positions are in the region of 
£18,000 to £24,000 (depending on location and company size). With three to five 
years' experience, salaries can rise considerably. ... Junior Java developer ...",149,https://www.prospects.ac.uk/job-profiles/software-tester
150,"Work with project management software; Work within a software development 
methodology like AGILE; Coordinate product releases with marketing, sales, and
 ...",150,https://www.careerexplorer.com/careers/technical-product-manager/
151,"Mar 22, 2019 ... Here are some of the most popular careers for graduates in your field. ... Let's 
take a look at just a few places your physics degree can take you. ... in areas 
such as engineering, the social sciences, business, and government. ... and 
providing expert commentary on physics-related issues in the media.",151,https://www.careerexplorer.com/careers/.../careers-for-physics-majors/
152,"Creative practitioners are usually freelance creative professionals. Project work ... 
The actual work you do can vary considerably depending on the role. You may ...",152,https://www.prospects.ac.uk/job-profiles/community-arts-worker
153,"A project manager is a motivated and effective leader who is accountable for the 
success or failure of a project. Project managers are multitaskers, have great time
 ...",153,https://www.careerexplorer.com/careers/project-manager/
154,"How much does a web developer make in Puerto Rico? Web Developer salary 
description; How do web developer salaries compare to similar careers. Web ...",154,https://www.careerexplorer.com/careers/web-developer/salary/puerto-rico/
155,"A front-end developer is a web developer that codes the front end of a website. 
While web design is the way a website looks, front end development is how that ...",155,https://www.careerexplorer.com/careers/front-end-developer/
156,"You can do this by reading SEO and internet marketing blogs and keeping ... 
However, you could equally move from SEO executive to a copywriter role and ...",156,https://www.prospects.ac.uk/job-profiles/seo-specialist
157,"You can work in house, typically in the marketing department of an ... of digital 
marketing services, including PPC services, SEO, content marketing and digital 
PR. ... As you develop in your role, you'll take the lead in managing relationships
 ...",157,https://www.prospects.ac.uk/job-profiles/ppc-specialist
158,"You can do this by reading SEO and internet marketing blogs and keeping ... 
Progression to more experienced roles such as SEO manager could happen 
within ...",158,https://www.prospects.ac.uk/job-profiles/seo-specialist
159,"An app developer is a computer software engineer whose primary 
responsibilities include creating, testing and programming apps for computers, 
mobile phones, ...",159,https://www.careerexplorer.com/careers/app-developer/
160,"At senior or management level, software engineers can earn £45,000 to £70,000 
or more per annum. ... The work is mainly office based or in computer 
laboratories, although full or ... Learning, Certified Scrum Master (CSM) and 
Certified Ethical Hacker (CEH). ... They can also move on to the role of software 
architect.",160,https://www.prospects.ac.uk/job-profiles/software-engineer
161,"You can also work within first or second-line support. ... not always required for 
this work, although some employers do prefer a degree or IT-related qualification.",161,https://www.prospects.ac.uk/job-profiles/it-technical-support-officer
162,"Discover what it takes to be a Community development worker. ... You can search 
for your nearest branch, or your region's equivalent via Do-it. ... agencies handle 
vacancies but many community organisations would not use employment ...",162,https://www.prospects.ac.uk/job-profiles/community-development-worker
163,"The operation of engines, pumps, propeller shafts, electronic equipment, and ... 
Ships engineers are in charge of crews who maintain and repair technical ...",163,https://www.careerexplorer.com/careers/ship-engineer/
164,"Pay-per-click (PPC) is the term used to refer to paid advertising on the ... PPC 
account executive; PPC account manager; PPC analyst; PPC executive; PPC ... 
to work in a broader role where PPC forms part of what you do but not all of it.",164,https://www.prospects.ac.uk/job-profiles/ppc-specialist
165,"Software engineering is a branch of computer science which includes the 
development and building of computer systems software and applications 
software.",165,https://www.careerexplorer.com/careers/software-engineer/
166,"Software Developer/Engineer. Idaho National Labs. Idaho Falls, United States · 
Software Engineer (C#/.Net). CyberCoders. Chubbuck, ID, USA · Software ...",166,https://www.careerexplorer.com/careers/software-engineer/jobs/idaho/
167,"Alternatively, the programming language you use may become part of your title, 
such as Java or C# developer. The work of a software engineer can also form ...",167,https://www.prospects.ac.uk/job-profiles/software-engineer
168,"The broad range of skills required does mean that you'll almost certainly need 
around two years of relevant work experience to be considered for a product ...",168,https://www.prospects.ac.uk/job-profiles/product-manager
169,"The operation of engines, pumps, propeller shafts, electronic equipment, and ... 
Ships engineers are in charge of crews who maintain and repair technical ...",169,https://www.careerexplorer.com/careers/ship-engineer/
170,"JavaScript (JS) is a type of web programming language that is supported across 
all web browsers and tools, and is the language that gives JavaScript developers
 ...",170,https://www.careerexplorer.com/careers/javascript-developer/
171,"Back-end developers can be found almost anywhere, working as full-time 
permanent employees in both large corporations and small or medium-sized ...",171,https://www.careerexplorer.com/careers/back-end-developer/
172,"Graphic designers often collaborate on projects with artists, multimedia animators
, and other creative professionals. Graphic designers combine art and technology
 ...",172,https://www.careerexplorer.com/careers/graphic-designer/
173,"A web designer is someone who is both creative and technically inclined, and 
uses both these attributes to build or redesign websites. The web designer has 
the ...",173,https://www.careerexplorer.com/careers/web-designer/
174,"You'll do this by identifying and developing new processes for product ... devise 
test methods to assess the production process; validate new processes and show 
that ... is unlikely, although it may be possible to enter at a lower level as a 
technician. A degree or professional qualification would then have to be obtained 
to ...",174,https://www.prospects.ac.uk/job.../product-process-development-scientist
175,"Applications software consists of user-focused programs that include web 
browsers, database programs, etc. There is a lot of investment going into 
software ...",175,https://www.careerexplorer.com/careers/software-engineer/
176,"Your exact fee will depend on your experience, the project budget and location. 
... drama, theatre, dance or performing arts; event management; media, film or ...",176,https://www.prospects.ac.uk/job-profiles/community-arts-worker
177,"A full stack developer is someone who is familiar and comfortable with all layers 
in computer software development. These developers have the functional ...",177,https://www.careerexplorer.com/careers/full-stack-developer/
178,"At senior or management level, software engineers can earn £45,000 to £70,000 
or more per annum. Bonus schemes may be available. The exact salary you'll ...",178,https://www.prospects.ac.uk/job-profiles/software-engineer
179,"applications support specialist; help desk operator; maintenance engineer; 
technician. You can also work within first or second-line support. ... monitor and 
maintain computer systems and networks; talk staff or clients through a series of 
actions, either face-to-face or over the phone, to help set up systems or resolve 
issues ...",179,https://www.prospects.ac.uk/job-profiles/it-technical-support-officer
180,"Discover what it takes to be a Public relations account executive. ... It's common 
to start your PR career as a junior account executive or assistant account ...",180,https://www.prospects.ac.uk/job-profiles/public-relations-account-executive
181,"A search engine optimisation specialist (SEO) uses digital analytics and ... You 
can do this by reading SEO and internet marketing blogs and keeping ... There is 
an increasing requirement to gain further qualifications to enter senior marketing
 ...",181,https://www.prospects.ac.uk/job-profiles/seo-specialist
182,"The term programmer can be used to refer to a software developer, software 
engineer, ... professions in that a computer programmer, in general, does not 
need to be ... HyperText Markup Language, JavaScript, Drupal, WordPress, and 
Joomla.",182,https://www.careerexplorer.com/careers/computer-programmer/
183,"The operation of engines, pumps, propeller shafts, electronic equipment, and ... 
Ships engineers are in charge of crews who maintain and repair technical ...",183,https://www.careerexplorer.com/careers/ship-engineer/
184,"A computer hardware engineer is someone who researches, designs, develops, 
and tests computer equipment such as chips, circuit boards, or routers. In this ...",184,https://www.careerexplorer.com/careers/computer-hardware-engineer/
185,"At senior level, you can earn a basic salary of £30,000 to £60,000, with ... The 
Graduate Recruitment Specialists commonly advertise sales executive vacancies
.",185,https://www.prospects.ac.uk/job-profiles/sales-executive
186,"Your primary task as a web developer will be to create reliable and ... However, 
progression to a senior or lead developer may be faster within a smaller 
company. ... and educational tools for women wanting to work in web 
development and IT. ... In the UK, most office-based web development roles are 
in cities such as ...",186,https://www.prospects.ac.uk/job-profiles/web-developer
187,"These media include fonts, shapes, colors, images, print design, photography, 
animation, logos, and billboards. Graphic designers often collaborate on projects
 ...",187,https://www.careerexplorer.com/careers/graphic-designer/
188,"Marketing executives drive profit and promote products and services through ... 
Many organisations have marketing departments, meaning that you can work in 
... Other opportunities include setting up as a freelance marketing consultant or ...",188,https://www.prospects.ac.uk/job-profiles/marketing-executive
189,"Search engine optimization specialists can be a company employee, an 
individual consultant, or can work for an SEO consulting firm. These specialists ...",189,https://www.careerexplorer.com/careers/search-engine-optimization-specialist/
190,"As an advertising account executive, you'll work within an advertising or multi-
service agency, acting as a link between the agency and its clients. You'll be ...",190,https://www.prospects.ac.uk/job-profiles/advertising-account-executive
191,"Search engine optimization specialists can be a company employee, an 
individual consultant, or can work for an SEO consulting firm. ... Technical - 
involves the structure of a site, which determines how difficult or easy it is for a 
search engine ...",191,https://www.careerexplorer.com/careers/search-engine-optimization-specialist/
192,"A systems architect will design the technical infrastructure such as hardware (
computers), software (programs), web portals, Internet and intranet connections,
 ...",192,https://www.careerexplorer.com/careers/systems-architect/
193,"In order to make the server, application, and database communicate with each 
other, back-end developers use languages like PHP, Ruby, Python, Java, and .
Net ...",193,https://www.careerexplorer.com/careers/back-end-developer/
194,"Your overall purpose as a social media manager will be to lead an ... As an 
assistant or junior social media manager your starting salary is likely to be 
between ... Paid social media student internships are rare, but sometimes 
available with ...",194,https://www.prospects.ac.uk/job-profiles/social-media-manager
195,"A front-end developer is a web developer that codes the front end of a website. 
While web design is the way a website looks, front end development is how that ...",195,https://www.careerexplorer.com/careers/front-end-developer/
196,"With experience this can increase to between £25,000 and £35,000. ... When a 
senior level is reached, such as chief engineer, salaries of £45,000 to £60,000+ 
can be ... However, to work up to the role of mechanical engineer you would 
need to build up the ... Embedded Image Processing System Engineer (KTP 
Associate).",196,https://www.prospects.ac.uk/job-profiles/mechanical-engineer
197,"Many organisations have marketing departments, meaning that you can work in 
... Marketing executives may also be known as marketing officers or coordinators. 
... marketing copy for both online and print campaigns; produce creative content,
 ...",197,https://www.prospects.ac.uk/job-profiles/marketing-executive
198,"Have a license number? Explore. Career Collections · What Career Is Right For 
Me? Careers in Finance · Careers in Medicine · Careers in Psychology ...",198,https://www.careerexplorer.com/careers/security-systems-administrator/
199,"You'll provide strategic guidance to clients with regard to technology and IT 
infrastructures and will enable major business processes through enhancements 
to ...",199,https://www.prospects.ac.uk/job-profiles/it-consultant
200,"You'll be concerned primarily with the strategy, structure, management and 
operations of a ... and management controls; human resources; information 
technology; marketing ... carry out research and data collection to understand the 
organisation ... Starting salaries for junior consultants can be in the region of £
25,000 to ...",200,https://www.prospects.ac.uk/job-profiles/management-consultant
201,"A project manager is a motivated and effective leader who is accountable for the 
success or failure of a project. Project managers are multitaskers, have great time
 ...",201,https://www.careerexplorer.com/careers/project-manager/
202,"What can I do with my degree? ... Your role as an IT consultant is to work in 
partnership with clients, advising them how to use information technology in ... 
Globalisation, outsourcing, cloud computing and social computing currently drive 
opportunities in this sector. ... You could also opt to work as a self-employed 
contractor.",202,https://www.prospects.ac.uk/job-profiles/it-consultant
203,"Software quality assurance engineers are sometimes confused with software 
testers. Software testers test parts of the software at different stages of 
development ...",203,https://www.careerexplorer.com/careers/software-quality-assurance-engineer/
204,"As a PR officer, you'll monitor publicity and conduct research to find out the ... The 
role is very varied and tasks will depend on the organisation and sector. ... 
managing and updating information and engaging with users on social media 
sites such as ... Senior management positions, such as PR director or head of 
corporate ...",204,https://www.prospects.ac.uk/job-profiles/public-relations-officer
205,"Cyber security analysts help to protect an organisation by employing a range of 
technologies and processes to prevent, detect and manage cyber threats. This 
can ...",205,https://www.prospects.ac.uk/job-profiles/cyber-security-analyst
206,"JavaScript (JS) is a type of web programming language that is supported across 
all web browsers and tools, and is the language that gives JavaScript developers
 ...",206,https://www.careerexplorer.com/careers/javascript-developer/
207,"As a marketing executive, you'll contribute to and develop integrated marketing 
campaigns to promote a product, service or idea. This a varied role, which 
includes ...",207,https://www.prospects.ac.uk/job-profiles/marketing-executive
208,"Your responsibility as a database administrator (DBA) will be the performance, ... 
with IT project managers, database programmers and multimedia programmers 
... consultant or contractor, capitalising on your specialist technical knowledge.",208,https://www.prospects.ac.uk/job-profiles/database-administrator
209,"Business development can be applied to almost all types of business, but you 
may ... identify new business opportunities - including new markets, growth areas
, trends, ... With enough experience, you could reach executive or director level.",209,https://www.prospects.ac.uk/job-profiles/business-development-manager
210,"A software web developer, or senior software web developer is someone who 
has: several years of professional programming experience; can write complex ...",210,https://www.careerexplorer.com/careers/software-engineer/
211,"Discover what it takes to be a Control and instrumentation engineer. ... You will 
need a thorough understanding of the operational processes of an organisation 
as your ... Your course tutors or careers service should be able to help set this up.",211,https://www.prospects.ac.uk/job.../control-and-instrumentation-engineer
212,"They take website design files and convert them into HTML, JavaScript (JS) and/
or CSS code - the core elements of front-end development. This includes design/
 ...",212,https://www.careerexplorer.com/careers/front-end-developer/
213,"There are many types of software that a software engineer can develop, such as 
... a software engineer will typically analyze the client's needs, then design, test, 
... of roles, including Senior Engineer, Team Lead, Architect, Manager and can ...",213,https://www.careerexplorer.com/careers/software-engineer/
214,"We can see engineering everywhere in the world around us, improving the ways 
we work, ... Engineers innovate and bring to world the things that never existed.",214,https://www.careerexplorer.com/careers/engineer/
215,"Site and plant visits will also be required (depending on your engineering 
specialism). ... Find out how Holly became an innovation manager at BBC 
Bitesize.",215,https://www.prospects.ac.uk/job-profiles/design-engineer
216,"As a business analyst you'll work within an organisation, helping to manage, 
change and plan for the future in line with their goals. This could be for one 
specific ...",216,https://www.prospects.ac.uk/job-profiles/business-analyst
217,"An app developer is a computer software engineer whose primary 
responsibilities include creating, testing and programming apps for computers, 
mobile phones, ...",217,https://www.careerexplorer.com/careers/app-developer/
218,"A project manager is a motivated and effective leader who is accountable for the 
success or failure of a project. Project managers are multitaskers, have great time
 ...",218,https://www.careerexplorer.com/careers/project-manager/
219,"applications support specialist; help desk operator; maintenance engineer; 
technician. You can also work within first or second-line support. The work is as 
much ...",219,https://www.prospects.ac.uk/job-profiles/it-technical-support-officer
220,"A computer systems administrator is the first-point-of-contact for an organization's 
network users when they experience technical problems. For example, computer
 ...",220,https://www.careerexplorer.com/careers/computer-systems-administrator/
221,"Discover what it takes to be a Business development manager. ... If your business 
development role is more sales orientated, you may also do some or all ... If your 
course does not include a placement, try contacting local businesses to ask for ...",221,https://www.prospects.ac.uk/job-profiles/business-development-manager
222,"JavaScript developers are usually supported by back-end web developers, and 
... Javascript Software Engineer Javascript Engineer Javascript Web Developer ...",222,https://www.careerexplorer.com/careers/javascript-developer/
223,"A full stack developer is someone who is familiar and comfortable with all layers 
in computer software development. These developers have the functional ...",223,https://www.careerexplorer.com/careers/full-stack-developer/
224,"We can see engineering everywhere in the world around us, improving the ways 
we work, ... Engineers innovate and bring to world the things that never existed.",224,https://www.careerexplorer.com/careers/engineer/
225,"What can I do with my degree? ... A career as a data analyst will suit you if you're 
highly analytical, have strong ... Enhance your technical skills in computing ... all 
of them at entry level, but you should show advanced skills in Excel and the use ...",225,https://www.prospects.ac.uk/job-profiles/data-analyst
226,"Your primary task as a web developer will be to create reliable and ... Salaries for 
junior or entry-level web developers can range from £19,000 to £25,000. Mid-
level and senior web developers usually earn between £25,000 and £35,000.",226,https://www.prospects.ac.uk/job-profiles/web-developer
227,"Mid-level and senior web developers usually earn between £25,000 and £
35,000. ... repositories such as GitHub and Bitbucket to demonstrate what you 
can do.",227,https://www.prospects.ac.uk/job-profiles/web-developer
228,"You can work in house, typically in the marketing department of an ... of digital 
marketing services, including PPC services, SEO, content marketing and digital 
PR. ... As you develop in your role, you'll take the lead in managing relationships
 ...",228,https://www.prospects.ac.uk/job-profiles/ppc-specialist
229,"When a senior level is reached, such as chief engineer, salaries of £45,000 to ... 
If you do this, you'll complete a structured course of training, which usually ...",229,https://www.prospects.ac.uk/job-profiles/mechanical-engineer
230,"A software engineer should be well-versed in: - Programming and coding - 
Fundamentals of computer science - Design and architecture - Algorithms and 
data ...",230,https://www.careerexplorer.com/careers/software-engineer/
231,"A software engineer should be well-versed in: - Programming and coding - 
Fundamentals of computer science - Design and architecture - Algorithms and 
data ...",231,https://www.careerexplorer.com/careers/software-engineer/
232,"Their 'content strategy' is to create, write and manage content so as to achieve 
business goals and be a voice for the company. It takes creativity, leadership 
skills ...",232,https://www.careerexplorer.com/careers/content-manager/
233,"A full stack developer is someone who is familiar and comfortable with all layers 
in computer software development. These developers have the functional ...",233,https://www.careerexplorer.com/careers/full-stack-developer/
234,"A project manager is a motivated and effective leader who is accountable for the 
success or failure of a project. Project managers are multitaskers, have great time
 ...",234,https://www.careerexplorer.com/careers/project-manager/
235,"assistant project manager; business change manager; junior/senior project ... 
Freelance project managers will negotiate a daily rate for the duration of their ... 
PRINCE2 - is the commonly used accredited approach for end-to-end project ...",235,https://www.prospects.ac.uk/job-profiles/project-manager
236,"In order to make the server, application, and database communicate with each 
other, back-end developers use languages like PHP, Ruby, Python, Java, and .",236,https://www.careerexplorer.com/careers/back-end-developer/
237,"In order to make the server, application, and database communicate with each 
other, back-end developers use languages like PHP, Ruby, Python, Java, and .
Net ...",237,https://www.careerexplorer.com/careers/back-end-developer/
238,"A gaffer is the head electrician who designs, sets-up and maintains lighting and 
lighting-related electrical needs on film and television production sets. Gaffers ...",238,https://www.careerexplorer.com/careers/gaffer/
239,"Many organisations have marketing departments, meaning that you can work in 
... run social media channels (e.g. Twitter, Facebook and LinkedIn) to enhance ... 
and attend events such as conferences, seminars, receptions and exhibitions ... 
Short-term contracts are also available, generally through recruitment agencies.",239,https://www.prospects.ac.uk/job-profiles/marketing-executive
240,"You can complete courses to obtain a variety of software-specific certifications, 
like Microsoft Learning, Certified Scrum Master (CSM) and Certified Ethical ...",240,https://www.prospects.ac.uk/job-profiles/software-engineer
241,"Financial risk analysts are commercially aware communicators who can spot the 
potential risks to a project or business ... Risk analysts may work in sales, 
origination, trading, marketing, financial services or private banking, specialising 
in: ... conduct statistical analysis to evaluate risk, using software such as SPSS 
and SAS/ ...",241,https://www.prospects.ac.uk/job-profiles/financial-risk-analyst
242,"What he does: I am a software engineer designing and developing tools. As a 
Tech Lead, I am involved in the entire development life cycle. I evaluate the 
newer ...",242,https://www.careerexplorer.com/careers/engineer/
243,"Freelance work can be found through Freelancers.net. ... Software engineers will 
often take ownership of their training needs, particularly in smaller ...",243,https://www.prospects.ac.uk/job-profiles/software-engineer
244,"process engineering; transport, distribution or logistics. If you have an unrelated 
degree, it's still possible to become a production manager if you have sufficient ...",245,https://www.prospects.ac.uk/job-profiles/production-manager
245,"Control and instrumentation (C&I) engineers are responsible for designing, 
developing, ... In general however, tasks and responsibilities can include: ... 
working collaboratively with design engineers, operation engineers, purchasers 
and ... There are other engineering, technical and scientific degrees that are 
considered ...",246,https://www.prospects.ac.uk/job.../control-and-instrumentation-engineer
246,"What is the difference between a software engineer and a software developer? ... 
They can, in time, qualify for a variety of roles, including Senior Engineer, ...",247,https://www.careerexplorer.com/careers/software-engineer/
247,"Although you can become a games developer with any degree subject, ... have 
relevant experience, although most people who work in games are graduates.",248,https://www.prospects.ac.uk/job-profiles/game-developer
248,"Software engineers have extensive knowledge of programming languages, 
software development, and computer operating systems, and they apply 
engineering ...",249,https://www.careerexplorer.com/careers/software-engineer/
249,"A solution architect is responsible for the design of one or more applications or 
services within an organization, and is typically part of a solution development 
team ...",250,https://www.careerexplorer.com/careers/solution-architect/
250,"Discover what it takes to be a Cyber security analyst. ... information security 
consultant, security operations centre (SOC) analyst and cyber intelligence 
analyst. ... Some roles will require you to be security cleared, particularly if they're 
for a ...",251,https://www.prospects.ac.uk/job-profiles/cyber-security-analyst
251,"Income figures are intended as a guide only. Working hours. Your working hours 
will vary according to the type of organisation. For example, managers at head ...",253,https://www.prospects.ac.uk/job-profiles/customer-service-manager
252,"Security Analysts - are responsible for analyzing data and recommending 
changes to higher ups, but do not authorize and implement changes. Their main 
job is ...",254,https://www.careerexplorer.com/careers/information-security-analyst/
253,"assistant project manager; business change manager; junior/senior project ... 
Freelance project managers will negotiate a daily rate for the duration of their ... 
PRINCE2 - is the commonly used accredited approach for end-to-end project ...",255,https://www.prospects.ac.uk/job-profiles/project-manager
254,"As an electronics engineer you'll design, develop and test components, devices, 
... As a senior engineer you can expect a salary of between £40,000 and ...",256,https://www.prospects.ac.uk/job-profiles/electronics-engineer
255,"You'll offer support to users, who can be staff, clients, customers and suppliers, ... 
centres; liaise with project management teams, third-line engineers and service 
desk ... Senior network engineers can earn from £50,000 to in excess of £70,000 
a year. ... Employers will usually expect you to do further study to get professional
 ...",257,https://www.prospects.ac.uk/job-profiles/network-engineer
256,"When a senior level is reached, such as chief engineer, salaries of £45,000 to ... 
This type of relevant experience will provide evidence of skill development and ...",258,https://www.prospects.ac.uk/job-profiles/mechanical-engineer
257,"Your role as a forensic computer analyst will be to investigate data breaches, 
security incidents and ... Analysts can earn up to £80,000 in more senior roles.",259,https://www.prospects.ac.uk/job-profiles/forensic-computer-analyst
258,"Software quality assurance engineers make sure that new products work before 
... program testing, integration of software, and release management process. ... a 
computer typing or looking at programming code, which can lead to eye strain ...",260,https://www.careerexplorer.com/careers/software-quality-assurance-engineer/
259,"You will be installing and configuring computer systems, diagnosing hardware 
and software faults ... applications support specialist; help desk operator; 
maintenance engineer; technician. You can also work within first or second-line 
support.",261,https://www.prospects.ac.uk/job-profiles/it-technical-support-officer
260,"Your primary task as a web developer will be to create reliable and ... and visual 
design (the 'front end'), while others combine both ('full-stack development'). ... 
write code in one or more programming or scripting languages, such as PHP or ... 
Mid-level and senior web developers usually earn between £25,000 and £
35,000.",262,https://www.prospects.ac.uk/job-profiles/web-developer
261,"social media marketing - developing a distinct online presence by attracting high 
... As a more experienced digital officer, or digital coordinator, you can expect to 
... can then progress to more experienced roles like digital marketing executive, ...",263,https://www.prospects.ac.uk/job-profiles/digital-marketer
262,"A front-end developer is a web developer that codes the front end of a website. 
While web design is the way a website looks, front end development is how that ...",264,https://www.careerexplorer.com/careers/front-end-developer/
263,"Senior DevOps Engineer. Advanced Software ... Senior Software Engineer (
Machine Learning Focus). Splunk. San Jose, CA, USA · Lead DevOps Engineer.",265,https://www.careerexplorer.com/careers/research-chef/jobs/.../stockton/
264,"UX design takes on the task of improving user satisfaction with a product by 
making ... What is the difference between UX design and web design? ... 
Information Architect Usability Specialist User Experience Designer UX 
Consultant UX Expert ...",266,https://www.careerexplorer.com/careers/ux-designer/
265,What software and tools does a Front-End Developer use? What ...,267,https://www.careerexplorer.com/careers/front-end-developer/
266,"A business analyst is someone who analyzes information and investigates the 
goals and issues of a company. They advise organizations on how to improve 
their ...",268,https://www.careerexplorer.com/careers/business-analyst/
267,"A content designer's task is to communicate information in the best way possible. They usually work with text, images, or video. Content designers research the audience so that they can design effective content for them. They try to make it simple for that audience to find the content they need. They manage the content to keep it useful and up to date.",269,https://en.wikipedia.org/wiki/Content_designer
268,"UX design takes on the task of improving user satisfaction with a product by 
making its usability, accessibility, and interaction better. It brings together 
traditional ...",270,https://www.careerexplorer.com/careers/ux-designer/
269,"Your role as a UX researcher will be to deliver the best possible experience for 
the users of a website, making the website as straightforward to use as possible.",271,https://www.prospects.ac.uk/job-profiles/ux-researcher
